-- phpMyAdmin SQL Dump
-- version 4.7.0
-- https://www.phpmyadmin.net/
--
-- Host: localhost
-- Generation Time: Nov 10, 2017 at 04:49 AM
-- Server version: 10.1.24-MariaDB
-- PHP Version: 7.1.6

SET SQL_MODE = "NO_AUTO_VALUE_ON_ZERO";
SET AUTOCOMMIT = 0;
START TRANSACTION;
SET time_zone = "+00:00";


/*!40101 SET @OLD_CHARACTER_SET_CLIENT=@@CHARACTER_SET_CLIENT */;
/*!40101 SET @OLD_CHARACTER_SET_RESULTS=@@CHARACTER_SET_RESULTS */;
/*!40101 SET @OLD_COLLATION_CONNECTION=@@COLLATION_CONNECTION */;
/*!40101 SET NAMES utf8mb4 */;

--
-- Database: `loan`
--

-- --------------------------------------------------------

--
-- Table structure for table `applications`
--

CREATE TABLE `applications` (
  `id` int(10) UNSIGNED NOT NULL,
  `user_id` int(10) UNSIGNED NOT NULL,
  `loan_amount` decimal(30,6) NOT NULL,
  `income` varchar(255) COLLATE utf8_unicode_ci NOT NULL,
  `why` varchar(255) COLLATE utf8_unicode_ci DEFAULT NULL,
  `collateral` varchar(255) COLLATE utf8_unicode_ci NOT NULL,
  `collateral_value` decimal(30,6) DEFAULT NULL,
  `fuzzy_score` float NOT NULL,
  `status` varchar(255) COLLATE utf8_unicode_ci NOT NULL,
  `created_at` timestamp NULL DEFAULT NULL,
  `updated_at` timestamp NULL DEFAULT NULL
) ENGINE=InnoDB DEFAULT CHARSET=utf8 COLLATE=utf8_unicode_ci;

--
-- Dumping data for table `applications`
--

INSERT INTO `applications` (`id`, `user_id`, `loan_amount`, `income`, `why`, `collateral`, `collateral_value`, `fuzzy_score`, `status`, `created_at`, `updated_at`) VALUES
(1, 2, '0.000000', 'less than 500K', '', 'Building', NULL, 77.6593, 'Accepted', '2017-11-06 14:42:19', '2017-11-06 14:42:19'),
(2, 2, '20000000.000000', 'less than 500K', 'Expand My Bussiness', 'Car', NULL, 14.5, 'Rejected', '2017-11-10 08:58:56', '2017-11-10 08:58:56'),
(3, 2, '1000000.000000', 'less than 500K', 'Investment in Agricultural sector', 'Reputation', NULL, 76.7193, 'Accepted', '2017-11-10 09:11:19', '2017-11-10 09:11:19'),
(4, 2, '0.000000', 'less than 500K', '', 'Building', NULL, 76.4792, 'Accepted', '2017-11-10 09:19:40', '2017-11-10 09:19:40'),
(5, 2, '1000000.000000', 'less than 500K', '', 'Car', NULL, 14.2542, 'Rejected', '2017-11-10 09:29:04', '2017-11-10 09:29:04');

-- --------------------------------------------------------

--
-- Table structure for table `loans`
--

CREATE TABLE `loans` (
  `id` int(10) UNSIGNED NOT NULL,
  `user_id` int(11) NOT NULL,
  `loan_amount` decimal(21,6) NOT NULL,
  `loan_term` int(10) UNSIGNED NOT NULL,
  `interest_rate` decimal(21,6) NOT NULL,
  `created_at` timestamp NULL DEFAULT NULL,
  `updated_at` timestamp NULL DEFAULT NULL
) ENGINE=InnoDB DEFAULT CHARSET=utf8 COLLATE=utf8_unicode_ci;

--
-- Dumping data for table `loans`
--

INSERT INTO `loans` (`id`, `user_id`, `loan_amount`, `loan_term`, `interest_rate`, `created_at`, `updated_at`) VALUES
(1, 1, '1000.000000', 1, '20.000000', '2017-10-13 18:28:07', '2017-10-13 18:28:07'),
(2, 1, '1000000.000000', 4, '15.000000', '2017-11-09 06:17:23', '2017-11-09 06:17:23'),
(3, 2, '20000000.000000', 4, '10.000000', '2017-11-09 06:24:39', '2017-11-09 06:24:39');

-- --------------------------------------------------------

--
-- Table structure for table `migrations`
--

CREATE TABLE `migrations` (
  `id` int(10) UNSIGNED NOT NULL,
  `migration` varchar(255) COLLATE utf8_unicode_ci NOT NULL,
  `batch` int(11) NOT NULL
) ENGINE=InnoDB DEFAULT CHARSET=utf8 COLLATE=utf8_unicode_ci;

--
-- Dumping data for table `migrations`
--

INSERT INTO `migrations` (`id`, `migration`, `batch`) VALUES
(1, '2017_04_07_133736_create_loans_table', 1),
(2, '2017_04_07_133822_create_repayment_schedules_table', 1),
(3, '2017_10_13_191750_users', 2),
(4, '2017_10_28_133110_applications', 3);

-- --------------------------------------------------------

--
-- Table structure for table `repayment_schedules`
--

CREATE TABLE `repayment_schedules` (
  `id` int(10) UNSIGNED NOT NULL,
  `loan_id` int(10) UNSIGNED NOT NULL,
  `payment_no` int(10) UNSIGNED NOT NULL,
  `date` datetime NOT NULL,
  `payment_amount` decimal(21,6) NOT NULL,
  `principal` decimal(21,6) NOT NULL,
  `interest` decimal(21,6) NOT NULL,
  `balance` decimal(21,6) NOT NULL,
  `created_at` timestamp NULL DEFAULT NULL,
  `updated_at` timestamp NULL DEFAULT NULL
) ENGINE=InnoDB DEFAULT CHARSET=utf8 COLLATE=utf8_unicode_ci;

--
-- Dumping data for table `repayment_schedules`
--

INSERT INTO `repayment_schedules` (`id`, `loan_id`, `payment_no`, `date`, `payment_amount`, `principal`, `interest`, `balance`, `created_at`, `updated_at`) VALUES
(1, 1, 1, '2017-08-01 00:00:00', '92.634506', '75.967839', '16.666667', '924.032161', '2017-10-13 18:28:07', '2017-10-13 18:28:07'),
(2, 1, 2, '2017-09-01 00:00:00', '92.634506', '77.233970', '15.400536', '846.798191', '2017-10-13 18:28:07', '2017-10-13 18:28:07'),
(3, 1, 3, '2017-10-01 00:00:00', '92.634506', '78.521203', '14.113303', '768.276988', '2017-10-13 18:28:07', '2017-10-13 18:28:07'),
(4, 1, 4, '2017-11-01 00:00:00', '92.634506', '79.829889', '12.804616', '688.447099', '2017-10-13 18:28:08', '2017-10-13 18:28:08'),
(5, 1, 5, '2017-12-01 00:00:00', '92.634506', '81.160388', '11.474118', '607.286711', '2017-10-13 18:28:08', '2017-10-13 18:28:08'),
(6, 1, 6, '2018-01-01 00:00:00', '92.634506', '82.513061', '10.121445', '524.773650', '2017-10-13 18:28:08', '2017-10-13 18:28:08'),
(7, 1, 7, '2018-02-01 00:00:00', '92.634506', '83.888278', '8.746228', '440.885372', '2017-10-13 18:28:08', '2017-10-13 18:28:08'),
(8, 1, 8, '2018-03-01 00:00:00', '92.634506', '85.286416', '7.348090', '355.598956', '2017-10-13 18:28:08', '2017-10-13 18:28:08'),
(9, 1, 9, '2018-04-01 00:00:00', '92.634506', '86.707857', '5.926649', '268.891099', '2017-10-13 18:28:08', '2017-10-13 18:28:08'),
(10, 1, 10, '2018-05-01 00:00:00', '92.634506', '88.152988', '4.481518', '180.738111', '2017-10-13 18:28:08', '2017-10-13 18:28:08'),
(11, 1, 11, '2018-06-01 00:00:00', '92.634506', '89.622204', '3.012302', '91.115907', '2017-10-13 18:28:08', '2017-10-13 18:28:08'),
(12, 1, 12, '2018-07-01 00:00:00', '92.634506', '91.115907', '1.518598', '0.000000', '2017-10-13 18:28:08', '2017-10-13 18:28:08'),
(13, 2, 1, '2017-09-01 00:00:00', '27830.748266', '15330.748266', '12500.000000', '984669.251734', '2017-11-09 06:17:23', '2017-11-09 06:17:23'),
(14, 2, 2, '2017-10-01 00:00:00', '27830.748266', '15522.382620', '12308.365647', '969146.869114', '2017-11-09 06:17:23', '2017-11-09 06:17:23'),
(15, 2, 3, '2017-11-01 00:00:00', '27830.748266', '15716.412403', '12114.335864', '953430.456711', '2017-11-09 06:17:23', '2017-11-09 06:17:23'),
(16, 2, 4, '2017-12-01 00:00:00', '27830.748266', '15912.867558', '11917.880709', '937517.589154', '2017-11-09 06:17:23', '2017-11-09 06:17:23'),
(17, 2, 5, '2018-01-01 00:00:00', '27830.748266', '16111.778402', '11718.969864', '921405.810752', '2017-11-09 06:17:24', '2017-11-09 06:17:24'),
(18, 2, 6, '2018-02-01 00:00:00', '27830.748266', '16313.175632', '11517.572634', '905092.635119', '2017-11-09 06:17:24', '2017-11-09 06:17:24'),
(19, 2, 7, '2018-03-01 00:00:00', '27830.748266', '16517.090327', '11313.657939', '888575.544792', '2017-11-09 06:17:24', '2017-11-09 06:17:24'),
(20, 2, 8, '2018-04-01 00:00:00', '27830.748266', '16723.553957', '11107.194310', '871851.990835', '2017-11-09 06:17:24', '2017-11-09 06:17:24'),
(21, 2, 9, '2018-05-01 00:00:00', '27830.748266', '16932.598381', '10898.149885', '854919.392454', '2017-11-09 06:17:24', '2017-11-09 06:17:24'),
(22, 2, 10, '2018-06-01 00:00:00', '27830.748266', '17144.255861', '10686.492406', '837775.136594', '2017-11-09 06:17:24', '2017-11-09 06:17:24'),
(23, 2, 11, '2018-07-01 00:00:00', '27830.748266', '17358.559059', '10472.189207', '820416.577534', '2017-11-09 06:17:24', '2017-11-09 06:17:24'),
(24, 2, 12, '2018-08-01 00:00:00', '27830.748266', '17575.541047', '10255.207219', '802841.036487', '2017-11-09 06:17:24', '2017-11-09 06:17:24'),
(25, 2, 13, '2018-09-01 00:00:00', '27830.748266', '17795.235310', '10035.512956', '785045.801177', '2017-11-09 06:17:24', '2017-11-09 06:17:24'),
(26, 2, 14, '2018-10-01 00:00:00', '27830.748266', '18017.675752', '9813.072515', '767028.125425', '2017-11-09 06:17:24', '2017-11-09 06:17:24'),
(27, 2, 15, '2018-11-01 00:00:00', '27830.748266', '18242.896699', '9587.851568', '748785.228726', '2017-11-09 06:17:24', '2017-11-09 06:17:24'),
(28, 2, 16, '2018-12-01 00:00:00', '27830.748266', '18470.932907', '9359.815359', '730314.295819', '2017-11-09 06:17:24', '2017-11-09 06:17:24'),
(29, 2, 17, '2019-01-01 00:00:00', '27830.748266', '18701.819569', '9128.928698', '711612.476250', '2017-11-09 06:17:24', '2017-11-09 06:17:24'),
(30, 2, 18, '2019-02-01 00:00:00', '27830.748266', '18935.592313', '8895.155953', '692676.883937', '2017-11-09 06:17:24', '2017-11-09 06:17:24'),
(31, 2, 19, '2019-03-01 00:00:00', '27830.748266', '19172.287217', '8658.461049', '673504.596720', '2017-11-09 06:17:24', '2017-11-09 06:17:24'),
(32, 2, 20, '2019-04-01 00:00:00', '27830.748266', '19411.940807', '8418.807459', '654092.655912', '2017-11-09 06:17:24', '2017-11-09 06:17:24'),
(33, 2, 21, '2019-05-01 00:00:00', '27830.748266', '19654.590068', '8176.158199', '634438.065845', '2017-11-09 06:17:24', '2017-11-09 06:17:24'),
(34, 2, 22, '2019-06-01 00:00:00', '27830.748266', '19900.272443', '7930.475823', '614537.793401', '2017-11-09 06:17:24', '2017-11-09 06:17:24'),
(35, 2, 23, '2019-07-01 00:00:00', '27830.748266', '20149.025849', '7681.722418', '594388.767552', '2017-11-09 06:17:24', '2017-11-09 06:17:24'),
(36, 2, 24, '2019-08-01 00:00:00', '27830.748266', '20400.888672', '7429.859594', '573987.878880', '2017-11-09 06:17:24', '2017-11-09 06:17:24'),
(37, 2, 25, '2019-09-01 00:00:00', '27830.748266', '20655.899780', '7174.848486', '553331.979100', '2017-11-09 06:17:24', '2017-11-09 06:17:24'),
(38, 2, 26, '2019-10-01 00:00:00', '27830.748266', '20914.098528', '6916.649739', '532417.880572', '2017-11-09 06:17:24', '2017-11-09 06:17:24'),
(39, 2, 27, '2019-11-01 00:00:00', '27830.748266', '21175.524759', '6655.223507', '511242.355813', '2017-11-09 06:17:24', '2017-11-09 06:17:24'),
(40, 2, 28, '2019-12-01 00:00:00', '27830.748266', '21440.218819', '6390.529448', '489802.136994', '2017-11-09 06:17:24', '2017-11-09 06:17:24'),
(41, 2, 29, '2020-01-01 00:00:00', '27830.748266', '21708.221554', '6122.526712', '468093.915440', '2017-11-09 06:17:24', '2017-11-09 06:17:24'),
(42, 2, 30, '2020-02-01 00:00:00', '27830.748266', '21979.574323', '5851.173943', '446114.341116', '2017-11-09 06:17:24', '2017-11-09 06:17:24'),
(43, 2, 31, '2020-03-01 00:00:00', '27830.748266', '22254.319003', '5576.429264', '423860.022114', '2017-11-09 06:17:24', '2017-11-09 06:17:24'),
(44, 2, 32, '2020-04-01 00:00:00', '27830.748266', '22532.497990', '5298.250276', '401327.524124', '2017-11-09 06:17:24', '2017-11-09 06:17:24'),
(45, 2, 33, '2020-05-01 00:00:00', '27830.748266', '22814.154215', '5016.594052', '378513.369909', '2017-11-09 06:17:24', '2017-11-09 06:17:24'),
(46, 2, 34, '2020-06-01 00:00:00', '27830.748266', '23099.331143', '4731.417124', '355414.038766', '2017-11-09 06:17:24', '2017-11-09 06:17:24'),
(47, 2, 35, '2020-07-01 00:00:00', '27830.748266', '23388.072782', '4442.675485', '332025.965984', '2017-11-09 06:17:24', '2017-11-09 06:17:24'),
(48, 2, 36, '2020-08-01 00:00:00', '27830.748266', '23680.423692', '4150.324575', '308345.542293', '2017-11-09 06:17:24', '2017-11-09 06:17:24'),
(49, 2, 37, '2020-09-01 00:00:00', '27830.748266', '23976.428988', '3854.319279', '284369.113305', '2017-11-09 06:17:24', '2017-11-09 06:17:24'),
(50, 2, 38, '2020-10-01 00:00:00', '27830.748266', '24276.134350', '3554.613916', '260092.978955', '2017-11-09 06:17:24', '2017-11-09 06:17:24'),
(51, 2, 39, '2020-11-01 00:00:00', '27830.748266', '24579.586030', '3251.162237', '235513.392925', '2017-11-09 06:17:24', '2017-11-09 06:17:24'),
(52, 2, 40, '2020-12-01 00:00:00', '27830.748266', '24886.830855', '2943.917412', '210626.562070', '2017-11-09 06:17:24', '2017-11-09 06:17:24'),
(53, 2, 41, '2021-01-01 00:00:00', '27830.748266', '25197.916241', '2632.832026', '185428.645829', '2017-11-09 06:17:24', '2017-11-09 06:17:24'),
(54, 2, 42, '2021-02-01 00:00:00', '27830.748266', '25512.890194', '2317.858073', '159915.755636', '2017-11-09 06:17:24', '2017-11-09 06:17:24'),
(55, 2, 43, '2021-03-01 00:00:00', '27830.748266', '25831.801321', '1998.946945', '134083.954315', '2017-11-09 06:17:24', '2017-11-09 06:17:24'),
(56, 2, 44, '2021-04-01 00:00:00', '27830.748266', '26154.698838', '1676.049429', '107929.255477', '2017-11-09 06:17:24', '2017-11-09 06:17:24'),
(57, 2, 45, '2021-05-01 00:00:00', '27830.748266', '26481.632573', '1349.115693', '81447.622904', '2017-11-09 06:17:24', '2017-11-09 06:17:24'),
(58, 2, 46, '2021-06-01 00:00:00', '27830.748266', '26812.652980', '1018.095286', '54634.969924', '2017-11-09 06:17:24', '2017-11-09 06:17:24'),
(59, 2, 47, '2021-07-01 00:00:00', '27830.748266', '27147.811142', '682.937124', '27487.158782', '2017-11-09 06:17:24', '2017-11-09 06:17:24'),
(60, 2, 48, '2021-08-01 00:00:00', '27830.748266', '27487.158782', '343.589485', '0.000000', '2017-11-09 06:17:24', '2017-11-09 06:17:24'),
(61, 3, 1, '2017-12-01 00:00:00', '507251.668695', '340585.002028', '166666.666667', '19659414.997972', '2017-11-09 06:24:39', '2017-11-09 06:24:39'),
(62, 3, 2, '2018-01-01 00:00:00', '507251.668695', '343423.210379', '163828.458316', '19315991.787593', '2017-11-09 06:24:39', '2017-11-09 06:24:39'),
(63, 3, 3, '2018-02-01 00:00:00', '507251.668695', '346285.070465', '160966.598230', '18969706.717128', '2017-11-09 06:24:39', '2017-11-09 06:24:39'),
(64, 3, 4, '2018-03-01 00:00:00', '507251.668695', '349170.779386', '158080.889309', '18620535.937743', '2017-11-09 06:24:39', '2017-11-09 06:24:39'),
(65, 3, 5, '2018-04-01 00:00:00', '507251.668695', '352080.535880', '155171.132815', '18268455.401862', '2017-11-09 06:24:39', '2017-11-09 06:24:39'),
(66, 3, 6, '2018-05-01 00:00:00', '507251.668695', '355014.540346', '152237.128349', '17913440.861516', '2017-11-09 06:24:39', '2017-11-09 06:24:39'),
(67, 3, 7, '2018-06-01 00:00:00', '507251.668695', '357972.994849', '149278.673846', '17555467.866667', '2017-11-09 06:24:39', '2017-11-09 06:24:39'),
(68, 3, 8, '2018-07-01 00:00:00', '507251.668695', '360956.103139', '146295.565556', '17194511.763528', '2017-11-09 06:24:39', '2017-11-09 06:24:39'),
(69, 3, 9, '2018-08-01 00:00:00', '507251.668695', '363964.070666', '143287.598029', '16830547.692862', '2017-11-09 06:24:39', '2017-11-09 06:24:39'),
(70, 3, 10, '2018-09-01 00:00:00', '507251.668695', '366997.104588', '140254.564107', '16463550.588274', '2017-11-09 06:24:40', '2017-11-09 06:24:40'),
(71, 3, 11, '2018-10-01 00:00:00', '507251.668695', '370055.413793', '137196.254902', '16093495.174482', '2017-11-09 06:24:40', '2017-11-09 06:24:40'),
(72, 3, 12, '2018-11-01 00:00:00', '507251.668695', '373139.208908', '134112.459787', '15720355.965574', '2017-11-09 06:24:40', '2017-11-09 06:24:40'),
(73, 3, 13, '2018-12-01 00:00:00', '507251.668695', '376248.702315', '131002.966380', '15344107.263259', '2017-11-09 06:24:40', '2017-11-09 06:24:40'),
(74, 3, 14, '2019-01-01 00:00:00', '507251.668695', '379384.108168', '127867.560527', '14964723.155091', '2017-11-09 06:24:40', '2017-11-09 06:24:40'),
(75, 3, 15, '2019-02-01 00:00:00', '507251.668695', '382545.642403', '124706.026292', '14582177.512689', '2017-11-09 06:24:40', '2017-11-09 06:24:40'),
(76, 3, 16, '2019-03-01 00:00:00', '507251.668695', '385733.522756', '121518.145939', '14196443.989933', '2017-11-09 06:24:40', '2017-11-09 06:24:40'),
(77, 3, 17, '2019-04-01 00:00:00', '507251.668695', '388947.968779', '118303.699916', '13807496.021154', '2017-11-09 06:24:40', '2017-11-09 06:24:40'),
(78, 3, 18, '2019-05-01 00:00:00', '507251.668695', '392189.201852', '115062.466843', '13415306.819302', '2017-11-09 06:24:40', '2017-11-09 06:24:40'),
(79, 3, 19, '2019-06-01 00:00:00', '507251.668695', '395457.445201', '111794.223494', '13019849.374101', '2017-11-09 06:24:40', '2017-11-09 06:24:40'),
(80, 3, 20, '2019-07-01 00:00:00', '507251.668695', '398752.923911', '108498.744784', '12621096.450191', '2017-11-09 06:24:40', '2017-11-09 06:24:40'),
(81, 3, 21, '2019-08-01 00:00:00', '507251.668695', '402075.864943', '105175.803752', '12219020.585247', '2017-11-09 06:24:40', '2017-11-09 06:24:40'),
(82, 3, 22, '2019-09-01 00:00:00', '507251.668695', '405426.497151', '101825.171544', '11813594.088096', '2017-11-09 06:24:40', '2017-11-09 06:24:40'),
(83, 3, 23, '2019-10-01 00:00:00', '507251.668695', '408805.051294', '98446.617401', '11404789.036802', '2017-11-09 06:24:40', '2017-11-09 06:24:40'),
(84, 3, 24, '2019-11-01 00:00:00', '507251.668695', '412211.760055', '95039.908640', '10992577.276747', '2017-11-09 06:24:40', '2017-11-09 06:24:40'),
(85, 3, 25, '2019-12-01 00:00:00', '507251.668695', '415646.858055', '91604.810640', '10576930.418691', '2017-11-09 06:24:40', '2017-11-09 06:24:40'),
(86, 3, 26, '2020-01-01 00:00:00', '507251.668695', '419110.581873', '88141.086822', '10157819.836819', '2017-11-09 06:24:40', '2017-11-09 06:24:40'),
(87, 3, 27, '2020-02-01 00:00:00', '507251.668695', '422603.170055', '84648.498640', '9735216.666764', '2017-11-09 06:24:40', '2017-11-09 06:24:40'),
(88, 3, 28, '2020-03-01 00:00:00', '507251.668695', '426124.863139', '81126.805556', '9309091.803626', '2017-11-09 06:24:40', '2017-11-09 06:24:40'),
(89, 3, 29, '2020-04-01 00:00:00', '507251.668695', '429675.903665', '77575.765030', '8879415.899961', '2017-11-09 06:24:40', '2017-11-09 06:24:40'),
(90, 3, 30, '2020-05-01 00:00:00', '507251.668695', '433256.536195', '73995.132500', '8446159.363766', '2017-11-09 06:24:40', '2017-11-09 06:24:40'),
(91, 3, 31, '2020-06-01 00:00:00', '507251.668695', '436867.007330', '70384.661365', '8009292.356435', '2017-11-09 06:24:40', '2017-11-09 06:24:40'),
(92, 3, 32, '2020-07-01 00:00:00', '507251.668695', '440507.565725', '66744.102970', '7568784.790711', '2017-11-09 06:24:40', '2017-11-09 06:24:40'),
(93, 3, 33, '2020-08-01 00:00:00', '507251.668695', '444178.462106', '63073.206589', '7124606.328605', '2017-11-09 06:24:40', '2017-11-09 06:24:40'),
(94, 3, 34, '2020-09-01 00:00:00', '507251.668695', '447879.949290', '59371.719405', '6676726.379315', '2017-11-09 06:24:40', '2017-11-09 06:24:40'),
(95, 3, 35, '2020-10-01 00:00:00', '507251.668695', '451612.282201', '55639.386494', '6225114.097114', '2017-11-09 06:24:40', '2017-11-09 06:24:40'),
(96, 3, 36, '2020-11-01 00:00:00', '507251.668695', '455375.717886', '51875.950809', '5769738.379229', '2017-11-09 06:24:40', '2017-11-09 06:24:40'),
(97, 3, 37, '2020-12-01 00:00:00', '507251.668695', '459170.515535', '48081.153160', '5310567.863694', '2017-11-09 06:24:40', '2017-11-09 06:24:40'),
(98, 3, 38, '2021-01-01 00:00:00', '507251.668695', '462996.936497', '44254.732197', '4847570.927197', '2017-11-09 06:24:40', '2017-11-09 06:24:40'),
(99, 3, 39, '2021-02-01 00:00:00', '507251.668695', '466855.244302', '40396.424393', '4380715.682895', '2017-11-09 06:24:40', '2017-11-09 06:24:40'),
(100, 3, 40, '2021-03-01 00:00:00', '507251.668695', '470745.704671', '36505.964024', '3909969.978224', '2017-11-09 06:24:40', '2017-11-09 06:24:40'),
(101, 3, 41, '2021-04-01 00:00:00', '507251.668695', '474668.585543', '32583.083152', '3435301.392681', '2017-11-09 06:24:40', '2017-11-09 06:24:40'),
(102, 3, 42, '2021-05-01 00:00:00', '507251.668695', '478624.157089', '28627.511606', '2956677.235592', '2017-11-09 06:24:40', '2017-11-09 06:24:40'),
(103, 3, 43, '2021-06-01 00:00:00', '507251.668695', '482612.691732', '24638.976963', '2474064.543860', '2017-11-09 06:24:40', '2017-11-09 06:24:40'),
(104, 3, 44, '2021-07-01 00:00:00', '507251.668695', '486634.464163', '20617.204532', '1987430.079697', '2017-11-09 06:24:40', '2017-11-09 06:24:40'),
(105, 3, 45, '2021-08-01 00:00:00', '507251.668695', '490689.751364', '16561.917331', '1496740.328333', '2017-11-09 06:24:40', '2017-11-09 06:24:40'),
(106, 3, 46, '2021-09-01 00:00:00', '507251.668695', '494778.832626', '12472.836069', '1001961.495708', '2017-11-09 06:24:40', '2017-11-09 06:24:40'),
(107, 3, 47, '2021-10-01 00:00:00', '507251.668695', '498901.989564', '8349.679131', '503059.506144', '2017-11-09 06:24:40', '2017-11-09 06:24:40'),
(108, 3, 48, '2021-11-01 00:00:00', '507251.668695', '503059.506144', '4192.162551', '0.000000', '2017-11-09 06:24:40', '2017-11-09 06:24:40');

-- --------------------------------------------------------

--
-- Table structure for table `users`
--

CREATE TABLE `users` (
  `id` int(10) UNSIGNED NOT NULL,
  `name` varchar(255) COLLATE utf8_unicode_ci NOT NULL,
  `email` varchar(255) COLLATE utf8_unicode_ci NOT NULL,
  `password` varchar(255) COLLATE utf8_unicode_ci NOT NULL,
  `remember_token` varchar(100) COLLATE utf8_unicode_ci DEFAULT NULL,
  `created_at` timestamp NULL DEFAULT NULL,
  `updated_at` timestamp NULL DEFAULT NULL
) ENGINE=InnoDB DEFAULT CHARSET=utf8 COLLATE=utf8_unicode_ci;

--
-- Dumping data for table `users`
--

INSERT INTO `users` (`id`, `name`, `email`, `password`, `remember_token`, `created_at`, `updated_at`) VALUES
(1, 'daniel awujoola', 'danielawujoola1@gmail.com', '$2y$10$u9QNRUKyTgQj78HZ2VO.tu0EbofPVj4Jy2qCecPzsMLir5DZ56W0e', NULL, '2017-10-13 18:22:17', '2017-10-13 18:22:17'),
(2, 'Daniel Awujoola', 'test@lms.com', '$2y$10$9Zq9ThXMh1eHNFwvSphtKeCgAnU2WziVF7io4tAZAIKPhycqXJvcK', 'xoN2cJ4U0HIcXv843UPxuZGq7oVSCZhl3rF6UXfWA9vGdqbKkVwYloJbfNLU', '2017-10-31 16:21:00', '2017-11-10 09:29:35'),
(3, 'Super Admin', 'admin@lms.com', '$2y$10$L/LvciCJtb/WilXc0B1J1u89l64S7YzL.GlYO/bfQj7MVrJk3.3Ve', 'zlHghrtwhnERPaSrCapXUJAFOcF6w3H5fug6qFd6u358rPFsXrRuT3ol9Ptf', '2017-11-09 06:34:03', '2017-11-10 08:39:20');

--
-- Indexes for dumped tables
--

--
-- Indexes for table `applications`
--
ALTER TABLE `applications`
  ADD PRIMARY KEY (`id`);

--
-- Indexes for table `loans`
--
ALTER TABLE `loans`
  ADD PRIMARY KEY (`id`);

--
-- Indexes for table `migrations`
--
ALTER TABLE `migrations`
  ADD PRIMARY KEY (`id`);

--
-- Indexes for table `repayment_schedules`
--
ALTER TABLE `repayment_schedules`
  ADD PRIMARY KEY (`id`),
  ADD KEY `repayment_schedules_loan_id_foreign` (`loan_id`);

--
-- Indexes for table `users`
--
ALTER TABLE `users`
  ADD PRIMARY KEY (`id`),
  ADD UNIQUE KEY `users_email_unique` (`email`);

--
-- AUTO_INCREMENT for dumped tables
--

--
-- AUTO_INCREMENT for table `applications`
--
ALTER TABLE `applications`
  MODIFY `id` int(10) UNSIGNED NOT NULL AUTO_INCREMENT, AUTO_INCREMENT=6;
--
-- AUTO_INCREMENT for table `loans`
--
ALTER TABLE `loans`
  MODIFY `id` int(10) UNSIGNED NOT NULL AUTO_INCREMENT, AUTO_INCREMENT=4;
--
-- AUTO_INCREMENT for table `migrations`
--
ALTER TABLE `migrations`
  MODIFY `id` int(10) UNSIGNED NOT NULL AUTO_INCREMENT, AUTO_INCREMENT=5;
--
-- AUTO_INCREMENT for table `repayment_schedules`
--
ALTER TABLE `repayment_schedules`
  MODIFY `id` int(10) UNSIGNED NOT NULL AUTO_INCREMENT, AUTO_INCREMENT=109;
--
-- AUTO_INCREMENT for table `users`
--
ALTER TABLE `users`
  MODIFY `id` int(10) UNSIGNED NOT NULL AUTO_INCREMENT, AUTO_INCREMENT=4;
--
-- Constraints for dumped tables
--

--
-- Constraints for table `repayment_schedules`
--
ALTER TABLE `repayment_schedules`
  ADD CONSTRAINT `repayment_schedules_loan_id_foreign` FOREIGN KEY (`loan_id`) REFERENCES `loans` (`id`);
COMMIT;

/*!40101 SET CHARACTER_SET_CLIENT=@OLD_CHARACTER_SET_CLIENT */;
/*!40101 SET CHARACTER_SET_RESULTS=@OLD_CHARACTER_SET_RESULTS */;
/*!40101 SET COLLATION_CONNECTION=@OLD_COLLATION_CONNECTION */;
